<?xml version="1.0" encoding="UTF-8"?>
<eXtylesLog build="4547">
<LogEvent date="6/8/2020" time="3:00:49 PM" class="800" number="5823">Opening Word file 'c:\SINATRA\CURRENT_JOB\\manuscript.docx' for processing.</LogEvent>
<LogEvent date="6/8/2020" time="3:00:50 PM" class="800" number="20004">Starting Processing Cleanup Tests</LogEvent>
<LogEvent date="6/8/2020" time="3:00:50 PM" class="800" number="3601">Started Activation</LogEvent>
<LogEvent date="6/8/2020" time="3:00:50 PM" class="604" number="3138">Started Activation: Removing style aliases</LogEvent>
<LogEvent date="6/8/2020" time="3:00:50 PM" class="604" number="3139">Finished Activation: Removing style aliases</LogEvent>
<LogEvent date="6/8/2020" time="3:00:51 PM" class="604" number="3138">Started Activation: Flattening lists/headings</LogEvent>
<LogEvent date="6/8/2020" time="3:00:51 PM" class="604" number="3139">Finished Activation: Flattening lists/headings</LogEvent>
<LogEvent date="6/8/2020" time="3:00:51 PM" class="604" number="3138">Started Activation: Preparing tables</LogEvent>
<LogEvent date="6/8/2020" time="3:00:51 PM" class="604" number="3139">Finished Activation: Preparing tables</LogEvent>
<LogEvent date="6/8/2020" time="3:00:51 PM" class="604" number="3138">Started Activation: Exporting graphics</LogEvent>
<LogEvent date="6/8/2020" time="3:00:59 PM" class="800" number="3624">XML output discarded</LogEvent>
<LogEvent date="6/8/2020" time="3:00:59 PM" class="604" number="3139">Finished Activation: Exporting graphics</LogEvent>
<LogEvent date="6/8/2020" time="3:00:59 PM" class="604" number="3138">Started Activation: Deleting graphics</LogEvent>
<LogEvent date="6/8/2020" time="3:00:59 PM" class="604" number="3139">Finished Activation: Deleting graphics</LogEvent>
<LogEvent date="6/8/2020" time="3:00:59 PM" class="604" number="3138">Started Activation: Convert shapes to inline shapes</LogEvent>
<LogEvent date="6/8/2020" time="3:00:59 PM" class="604" number="3139">Finished Activation: Convert shapes to inline shapes</LogEvent>
<LogEvent date="6/8/2020" time="3:00:59 PM" class="604" number="3138">Started Activation: Flattening foot/endnotes</LogEvent>
<LogEvent date="6/8/2020" time="3:00:59 PM" class="604" number="3139">Finished Activation: Flattening foot/endnotes</LogEvent>
<LogEvent date="6/8/2020" time="3:00:59 PM" class="604" number="3138">Started Activation: Flattening fields</LogEvent>
<LogEvent date="6/8/2020" time="3:00:59 PM" class="604" number="3139">Finished Activation: Flattening fields</LogEvent>
<LogEvent date="6/8/2020" time="3:00:59 PM" class="604" number="3138">Started Activation: Do null exchange with Omnimark server</LogEvent>
<LogEvent date="6/8/2020" time="3:01:00 PM" class="604" number="3139">Finished Activation: Do null exchange with Omnimark server</LogEvent>
<LogEvent date="6/8/2020" time="3:01:00 PM" class="800" number="3602">Finished Activation</LogEvent>
<LogEvent date="6/8/2020" time="3:01:01 PM" class="800" number="3603">Started Cleanup</LogEvent>
<LogEvent date="6/8/2020" time="3:01:01 PM" class="800" number="7433">Started Cleanup: detabling single-row tables.</LogEvent>
<LogEvent date="6/8/2020" time="3:01:01 PM" class="800" number="7434">Finished Cleanup: detabling single-row tables.</LogEvent>
<LogEvent date="6/8/2020" time="3:01:01 PM" class="800" number="7433">Started Cleanup: detabling equations.</LogEvent>
<LogEvent date="6/8/2020" time="3:01:01 PM" class="800" number="7434">Finished Cleanup: detabling equations.</LogEvent>
<LogEvent date="6/8/2020" time="3:01:01 PM" class="800" number="7433">Started Cleanup: detabling figures.</LogEvent>
<LogEvent date="6/8/2020" time="3:01:01 PM" class="800" number="7434">Finished Cleanup: detabling figures.</LogEvent>
<LogEvent date="6/8/2020" time="3:01:01 PM" class="800" number="7433">Started Cleanup: detabling reference lists.</LogEvent>
<LogEvent date="6/8/2020" time="3:01:01 PM" class="800" number="7434">Finished Cleanup: detabling reference lists.</LogEvent>
<LogEvent date="6/8/2020" time="3:01:01 PM" class="800" number="7423">Started Cleanup: flattening built-in character styles.</LogEvent>
<LogEvent date="6/8/2020" time="3:01:03 PM" class="800" number="7424">Finished Cleanup: flattening built-in character styles.</LogEvent>
<LogEvent date="6/8/2020" time="3:01:03 PM" class="800" number="7417">Started Cleanup: flattening user-defined character styles.</LogEvent>
<LogEvent date="6/8/2020" time="3:01:04 PM" class="800" number="7418">Finished Cleanup: flattening user-defined character styles.</LogEvent>
<LogEvent date="6/8/2020" time="3:01:04 PM" class="800" number="7421">Started Cleanup: auto-styling tables.</LogEvent>
<LogEvent date="6/8/2020" time="3:01:04 PM" class="800" number="7422">Finished Cleanup: auto-styling tables.</LogEvent>
<LogEvent date="6/8/2020" time="3:01:04 PM" class="800" number="3609">Started Advanced Processing: StyleRefs</LogEvent>
<LogEvent date="6/8/2020" time="3:01:18 PM" class="800" number="3610">Finished Advanced Processing: StyleRefs</LogEvent>
<LogEvent date="6/8/2020" time="3:01:18 PM" class="800" number="3604">Finished Cleanup</LogEvent>
<LogEvent date="6/8/2020" time="3:01:18 PM">Start AutoRedact</LogEvent>
<LogEvent date="6/8/2020" time="3:01:18 PM" class="800" number="3607">Started Auto-Redact</LogEvent>
<LogEvent date="6/8/2020" time="3:01:25 PM" class="800" number="3608">Finished Auto-Redact</LogEvent>
<LogEvent date="6/8/2020" time="3:01:25 PM">Finish AutoRedact</LogEvent>
<LogEvent date="6/8/2020" time="3:01:25 PM">Start second-stage cleanup</LogEvent>
<LogEvent date="6/8/2020" time="3:01:26 PM" class="800" number="3603">Started Cleanup</LogEvent>
<LogEvent date="6/8/2020" time="3:01:26 PM" class="800" number="3604">Finished Cleanup</LogEvent>
<LogEvent date="6/8/2020" time="3:01:26 PM">Finish second-stage cleanup</LogEvent>
<LogEvent date="6/8/2020" time="3:01:26 PM" class="800" number="3609">Started Advanced Processing: ParseBib</LogEvent>
<LogEvent date="6/8/2020" time="3:01:38 PM" class="602" number="1320">There are problems found in some data files: 	There is 1 error in ..\ArcFullText\Data\ArcFullTextShowPrm.xsp file. 	There are 17 errors in RefWords.xsp file. Please review the C:\Users\Administrator\AppData\Local\EXTYLES\LOG\ParseBib.data.log file and fix the data as necessary.</LogEvent>
<LogEvent date="6/8/2020" time="3:01:38 PM" class="800" number="3610">Finished Advanced Processing: ParseBib</LogEvent>
<LogEvent date="6/8/2020" time="3:01:38 PM" class="800" number="3609">Started Advanced Processing: Citations</LogEvent>
<LogEvent date="6/8/2020" time="3:01:48 PM" class="602" number="1320">eXtyles Citation Match Check found 2 problems. Please open the Word comments window for more information.  There are problems found in some data files: 	There is 1 error in ..\ArcFullText\Data\ArcFullTextShowPrm.xsp file. Please review the C:\Users\Administrator\AppData\Local\EXTYLES\LOG\Citations.CitMatch.data.log file and fix the data as necessary.</LogEvent>
<LogEvent date="6/8/2020" time="3:01:48 PM" class="800" number="3610">Finished Advanced Processing: Citations</LogEvent>
<LogEvent date="6/8/2020" time="3:01:49 PM" class="800" number="3609">Started Advanced Processing: AuthPars</LogEvent>
<LogEvent date="6/8/2020" time="3:01:55 PM" class="602" number="1320">There are problems found in some data files: 	There is 1 error in ..\ArcFullText\Data\ArcFullTextShowPrm.xsp file. Please review the C:\Users\Administrator\AppData\Local\EXTYLES\LOG\AuthPars.data.log file and fix the data as necessary.</LogEvent>
<LogEvent date="6/8/2020" time="3:01:55 PM" class="800" number="3610">Finished Advanced Processing: AuthPars</LogEvent>
<LogEvent date="6/8/2020" time="3:02:18 PM" class="603" number="6201">Congratulations! Your file has successfully parsed.</LogEvent>
<LogEvent date="6/8/2020" time="3:02:18 PM" class="800" number="3612">Saved XML conversion to c:\SINATRA\CURRENT_JOB\XML\manuscript.XML</LogEvent>
<LogEvent date="6/8/2020" time="3:02:18 PM" class="800" number="3613">Used export TRT: C:\Program Files (x86)\eXtyles\Common\ArcFullTextJATS11.trt</LogEvent>
<LogEvent date="6/8/2020" time="3:02:19 PM" class="800" number="5824">Closing Word file 'c:\SINATRA\CURRENT_JOB\\manuscript.docx'.</LogEvent>
</eXtylesLog>