<?xml version="1.0" encoding="utf-8"?>
<!DOCTYPE article PUBLIC "-//NLM//DTD JATS (Z39.96) Journal Archiving and Interchange DTD v1.1 20151215//EN" "JATS-archivearticle1.dtd">
<article article-type="research-article" dtd-version="1.1" xml:lang="en" xmlns:xlink="http://www.w3.org/1999/xlink" xmlns:mml="http://www.w3.org/1998/Math/MathML">
<front>
<journal-meta>
<journal-id journal-id-type="publisher-id">eXtyles Arc</journal-id>
<journal-id journal-id-type="nlm-ta">eXtyles Arc</journal-id>
<journal-title-group>
<journal-title>eXtyles Arc</journal-title>
<abbrev-journal-title abbrev-type="pubmed">eXtyles Arc</abbrev-journal-title>
</journal-title-group>
<issn></issn>
<publisher><publisher-name>Inera</publisher-name></publisher>
</journal-meta>
<article-meta>
<article-id pub-id-type="publisher-id">9999999</article-id>
<article-categories><subj-group subj-group-type="heading"><subject>research-article</subject></subj-group>
</article-categories>
<title-group>
<article-title>A Test Manuscript Alf Eaton</article-title>
</title-group>
<pub-date pub-type="ppub"><year></year></pub-date>
<volume></volume>
<permissions>
</permissions>
</article-meta>
</front>
<body>
<sec id="sec1" sec-type="other1">
<label>1</label><title>A paragraph</title>
<p>This is a paragraph with <bold>bold</bold>, <italic>italic</italic>, <underline>underlined</underline>, <sub>subscript</sub> and <sup>superscript</sup> text.</p>
</sec>
<sec id="sec2" sec-type="other2">
<label>2</label><title>A citation</title>
<p>This paragraph contains a citation<xref ref-type="bibr" rid="bib1"><sup>1</sup></xref>.</p>
</sec>
<sec id="sec3" sec-type="other3">
<label>3</label><title>An equation</title>
<p>
<disp-formula id="eq">This paragraph contains an inline equation: <mml:math id="m1"><mml:mn>2</mml:mn><mml:mo>+</mml:mo><mml:mn>3</mml:mn><mml:mo>=</mml:mo><mml:mn>5</mml:mn></mml:math></disp-formula>
<disp-formula id="eq___1"><mml:math id="m2"><mml:mi>x</mml:mi><mml:mo>+</mml:mo><mml:mi>y</mml:mi><mml:mo>=</mml:mo><mml:mi>z</mml:mi></mml:math></disp-formula>
<list id="L1" list-type="order"><list-item><p>An ordered list</p>
<list id="L2" list-type="order"><list-item><p>An ordered list</p></list-item>
<list-item><p>With two items</p>
<list id="L3" list-type="order"><list-item><p>A nested item</p></list-item></list></list-item></list>
</list-item><list-item><p>A bullet list</p></list-item></list>
</p>
<p>* A bullet list</p>
<p>* With two items</p>
<p>&#x03BF; A nested item</p>
</sec>
<sec id="sec6" sec-type="other4">
<label>6</label><title>A table</title>
<sec>
<title>This is a table</title>
<table-wrap id="tbl1" position="float">
<label>Table 1</label><caption><title><?AuthorQuery id="Q1" queryText="The table &quot;Table 1 &quot; is not cited in the text. Please add an in-text citation or delete the table."?>An example table</title>
</caption>
<table frame="hsides" rules="groups">
<col width="50%"/>
<col width="50%"/>
<thead>
<tr>
<th valign="top" align="left" scope="col" style="border-top: solid 0.50pt; border-bottom: solid 0.50pt; background-color:rgb(244,244,244)">Test</th>
<th valign="top" align="left" scope="col" style="border-top: solid 0.50pt; border-bottom: solid 0.50pt; background-color:rgb(244,244,244)">Test</th>
</tr>
</thead>
<tbody>
<tr>
<td valign="top" align="left" style="border-top: solid 0.50pt" scope="row">Test</td>
<td valign="top" align="left" style="border-top: solid 0.50pt">Test</td>
</tr>
<tr>
<td valign="top" align="left" scope="row">Test</td>
<td valign="top" align="left">Test</td>
</tr>
<tr>
<td valign="top" align="left" style="border-top: solid 0.10pt; border-bottom: solid 0.50pt; background-color:rgb(255,255,255)" scope="row">Test</td>
<td valign="top" align="left" style="border-top: solid 0.10pt; border-bottom: solid 0.50pt; background-color:rgb(255,255,255)">Test</td>
</tr>
</tbody></table></table-wrap>
<p>7. A figure</p>
<p>This is a figure</p>
<fig id="fig1" position="float" fig-type="figure"><label>Figure 1</label><caption><p><?AuthorQuery id="Q2" queryText="The figure &quot;Figure 1 &quot; is not cited in the text. Please add an in-text citation or delete the figure."?>The Manuscripts logo</p></caption>
<graphic xlink:href="manuscript-Image001"></graphic>
</fig>
</sec>
</sec>
</body>
<back>
<ref-list>
<title>8. Bibliography</title>
<ref id="bib1"><label>1</label><mixed-citation publication-type="book"><person-group person-group-type="author"><string-name><surname>Piipari</surname>, <given-names>M.</given-names></string-name>, <string-name><surname>Eaton</surname>, <given-names>A.</given-names></string-name> &amp; <string-name><surname>Pepe</surname>, <given-names>A.</given-names></string-name></person-group> <source>Introducing Manuscripts.io: open source editing environment for structured, computationally reproducible research documents.</source> (<publisher-name>National Center for Biotechnology Information</publisher-name> (<publisher-loc>US</publisher-loc>), <year>2019</year>).</mixed-citation></ref>
</ref-list>
</back>
</article>
